"","x"
"1","RPL_end_cell48166_4"
"2","RPL_end_cell103933_4"
"3","RPL_end_cell104126_4"
"4","RPL_end_cell109497_4"
"5","RPL_end_cell128285_4"
"6","RPL_end_cell139260_4"
"7","RPL_end_cell159994_4"
"8","RPL_end_cell189836_4"
"9","RPL_end_cell225912_4"
"10","RPL_end_cell256351_4"
"11","RPL_end_cell314760_4"
"12","RPL_end_cell328405_4"
"13","RPL_end_cell393445_4"
"14","RPL_end_cell431698_4"
"15","RPL_end_cell469727_4"
"16","RPL_end_cell570393_4"
"17","RPL_end_cell579557_4"
"18","RPL_end_cell596650_4"
"19","RPL_end_cell715310_4"
"20","RPL_end_cell718645_4"
"21","RPL_end_cell728356_4"
"22","RPL_neg_cell10007_4"
"23","RPL_neg_cell35027_4"
"24","RPL_neg_cell38669_4"
"25","RPL_neg_cell42811_4"
"26","RPL_neg_cell56161_4"
"27","RPL_neg_cell65702_4"
"28","RPL_neg_cell69343_4"
"29","RPL_neg_cell83418_4"
"30","RPL_neg_cell116084_4"
"31","RPL_neg_cell116554_4"
"32","RPL_neg_cell118393_4"
"33","RPL_neg_cell123331_4"
"34","RPL_neg_cell124465_4"
"35","RPL_neg_cell130525_4"
"36","RPL_neg_cell132225_4"
"37","RPL_neg_cell133918_4"
"38","RPL_neg_cell136139_4"
"39","RPL_neg_cell136701_4"
"40","RPL_neg_cell138363_4"
"41","RPL_neg_cell147456_4"
"42","RPL_neg_cell171322_4"
"43","RPL_neg_cell174846_4"
"44","RPL_neg_cell179686_4"
"45","RPL_neg_cell183463_4"
"46","RPL_neg_cell186493_4"
"47","RPL_neg_cell188960_4"
"48","RPL_neg_cell198477_4"
"49","RPL_neg_cell213444_4"
"50","RPL_neg_cell217475_4"
"51","RPL_neg_cell223038_4"
"52","RPL_neg_cell232077_4"
"53","RPL_neg_cell233096_4"
"54","RPL_neg_cell233471_4"
"55","RPL_neg_cell234407_4"
"56","RPL_neg_cell237832_4"
"57","RPL_neg_cell239010_4"
"58","RPL_neg_cell239843_4"
"59","RPL_neg_cell241037_4"
"60","RPL_neg_cell252964_4"
"61","RPL_neg_cell254400_4"
"62","RPL_neg_cell275723_4"
"63","RPL_neg_cell278009_4"
"64","RPL_neg_cell281703_4"
"65","RPL_neg_cell284089_4"
"66","RPL_neg_cell285915_4"
"67","RPL_neg_cell304617_4"
"68","RPL_neg_cell310031_4"
"69","RPL_neg_cell310752_4"
"70","RPL_neg_cell313101_4"
"71","RPL_neg_cell318016_4"
"72","RPL_neg_cell318087_4"
"73","RPL_neg_cell322108_4"
"74","RPL_neg_cell331000_4"
"75","RPL_neg_cell333612_4"
"76","RPL_neg_cell338385_4"
"77","RPL_neg_cell341648_4"
"78","RPL_neg_cell342757_4"
"79","RPL_neg_cell353109_4"
"80","RPL_neg_cell362093_4"
"81","RPL_neg_cell364305_4"
"82","RPL_neg_cell367590_4"
"83","RPL_neg_cell371082_4"
"84","RPL_neg_cell371252_4"
"85","RPL_neg_cell375307_4"
"86","RPL_neg_cell378664_4"
"87","RPL_neg_cell379964_4"
"88","RPL_neg_cell386801_4"
"89","RPL_neg_cell388533_4"
"90","RPL_neg_cell396669_4"
"91","RPL_neg_cell405277_4"
"92","RPL_neg_cell406131_4"
"93","RPL_neg_cell413232_4"
"94","RPL_neg_cell413762_4"
"95","RPL_neg_cell415953_4"
"96","RPL_neg_cell419324_4"
"97","RPL_neg_cell419918_4"
"98","RPL_neg_cell434650_4"
"99","RPL_neg_cell450707_4"
"100","RPL_neg_cell452380_4"
"101","RPL_neg_cell459027_4"
"102","RPL_neg_cell466481_4"
"103","RPL_neg_cell470965_4"
"104","RPL_neg_cell477375_4"
"105","RPL_neg_cell479276_4"
"106","RPL_neg_cell480253_4"
"107","RPL_neg_cell481846_4"
"108","RPL_neg_cell491030_4"
"109","RPL_neg_cell491273_4"
"110","RPL_neg_cell496927_4"
"111","RPL_neg_cell499117_4"
"112","RPL_neg_cell501841_4"
"113","RPL_neg_cell502790_4"
"114","RPL_neg_cell504344_4"
"115","RPL_neg_cell505472_4"
"116","RPL_neg_cell512261_4"
"117","RPL_neg_cell517986_4"
"118","RPL_neg_cell522335_4"
"119","RPL_neg_cell526149_4"
"120","RPL_neg_cell526253_4"
"121","RPL_neg_cell529275_4"
"122","RPL_neg_cell537288_4"
"123","RPL_neg_cell540150_4"
"124","RPL_neg_cell540524_4"
"125","RPL_neg_cell551352_4"
"126","RPL_neg_cell553460_4"
"127","RPL_neg_cell558617_4"
"128","RPL_neg_cell558816_4"
"129","RPL_neg_cell559443_4"
"130","RPL_neg_cell566489_4"
"131","RPL_neg_cell569129_4"
"132","RPL_neg_cell576530_4"
"133","RPL_neg_cell578303_4"
"134","RPL_neg_cell586237_4"
"135","RPL_neg_cell592284_4"
"136","RPL_neg_cell595016_4"
"137","RPL_neg_cell595527_4"
"138","RPL_neg_cell597004_4"
"139","RPL_neg_cell600768_4"
"140","RPL_neg_cell607548_4"
"141","RPL_neg_cell609035_4"
"142","RPL_neg_cell609046_4"
"143","RPL_neg_cell614846_4"
"144","RPL_neg_cell618495_4"
"145","RPL_neg_cell621885_4"
"146","RPL_neg_cell625335_4"
"147","RPL_neg_cell636069_4"
"148","RPL_neg_cell637092_4"
"149","RPL_neg_cell638569_4"
"150","RPL_neg_cell649348_4"
"151","RPL_neg_cell651379_4"
"152","RPL_neg_cell659373_4"
"153","RPL_neg_cell662767_4"
"154","RPL_neg_cell664236_4"
"155","RPL_neg_cell669952_4"
"156","RPL_neg_cell672848_4"
"157","RPL_neg_cell674247_4"
"158","RPL_neg_cell688036_4"
"159","RPL_neg_cell697924_4"
"160","RPL_neg_cell698237_4"
"161","RPL_neg_cell700253_4"
"162","RPL_neg_cell713118_4"
"163","RPL_neg_cell717066_4"
"164","RPL_neg_cell722720_4"
"165","RPL_10k_cell17997_4"
"166","RPL_10k_cell42759_4"
"167","RPL_10k_cell57860_4"
"168","RPL_10k_cell68210_4"
"169","RPL_10k_cell113308_4"
"170","RPL_10k_cell151560_4"
"171","RPL_10k_cell156807_4"
"172","RPL_10k_cell158030_4"
"173","RPL_10k_cell158244_4"
"174","RPL_10k_cell163288_4"
"175","RPL_10k_cell286710_4"
"176","RPL_10k_cell293003_4"
"177","RPL_10k_cell304734_4"
"178","RPL_10k_cell306556_4"
"179","RPL_10k_cell311312_4"
"180","RPL_10k_cell331691_4"
"181","RPL_10k_cell347273_4"
"182","RPL_10k_cell427917_4"
"183","RPL_10k_cell447984_4"
"184","RPL_10k_cell525684_4"
"185","RPL_10k_cell525717_4"
"186","RPL_10k_cell529783_4"
"187","RPL_10k_cell534551_4"
"188","RPL_10k_cell596951_4"
"189","RPL_10k_cell613271_4"
"190","RPL_10k_cell657771_4"
"191","RPL_10k_cell673738_4"
"192","RPL_10k_cell686613_4"
"193","RPL_10k_cell711098_4"
"194","RPL_10k_cell728618_4"
"195","RPL_20k_cell4334_4"
"196","RPL_20k_cell28967_4"
"197","RPL_20k_cell40054_4"
"198","RPL_20k_cell48657_4"
"199","RPL_20k_cell65519_4"
"200","RPL_20k_cell85031_4"
"201","RPL_20k_cell114212_4"
"202","RPL_20k_cell115871_4"
"203","RPL_20k_cell134785_4"
"204","RPL_20k_cell154557_4"
"205","RPL_20k_cell159410_4"
"206","RPL_20k_cell159595_4"
"207","RPL_20k_cell165270_4"
"208","RPL_20k_cell182376_4"
"209","RPL_20k_cell183816_4"
"210","RPL_20k_cell199721_4"
"211","RPL_20k_cell205878_4"
"212","RPL_20k_cell207376_4"
"213","RPL_20k_cell222453_4"
"214","RPL_20k_cell267047_4"
"215","RPL_20k_cell286160_4"
"216","RPL_20k_cell295141_4"
"217","RPL_20k_cell303752_4"
"218","RPL_20k_cell305709_4"
"219","RPL_20k_cell318852_4"
"220","RPL_20k_cell328935_4"
"221","RPL_20k_cell331524_4"
"222","RPL_20k_cell334270_4"
"223","RPL_20k_cell340423_4"
"224","RPL_20k_cell354744_4"
"225","RPL_20k_cell358904_4"
"226","RPL_20k_cell361708_4"
"227","RPL_20k_cell368019_4"
"228","RPL_20k_cell373711_4"
"229","RPL_20k_cell377516_4"
"230","RPL_20k_cell396043_4"
"231","RPL_20k_cell416956_4"
"232","RPL_20k_cell426177_4"
"233","RPL_20k_cell426446_4"
"234","RPL_20k_cell444105_4"
"235","RPL_20k_cell444630_4"
"236","RPL_20k_cell450896_4"
"237","RPL_20k_cell462519_4"
"238","RPL_20k_cell468842_4"
"239","RPL_20k_cell499880_4"
"240","RPL_20k_cell558950_4"
"241","RPL_20k_cell569538_4"
"242","RPL_20k_cell605623_4"
"243","RPL_20k_cell627266_4"
"244","RPL_20k_cell654813_4"
"245","RPL_20k_cell658581_4"
"246","RPL_20k_cell678480_4"
"247","RPL_20k_cell681071_4"
"248","RPL_20k_cell689173_4"
"249","RPL_20k_cell729191_4"
"250","RPL_30k_cell6908_4"
"251","RPL_30k_cell6945_4"
"252","RPL_30k_cell13292_4"
"253","RPL_30k_cell16860_4"
"254","RPL_30k_cell20168_4"
"255","RPL_30k_cell41447_4"
"256","RPL_30k_cell46547_4"
"257","RPL_30k_cell53024_4"
"258","RPL_30k_cell56094_4"
"259","RPL_30k_cell64921_4"
"260","RPL_30k_cell68835_4"
"261","RPL_30k_cell70623_4"
"262","RPL_30k_cell71858_4"
"263","RPL_30k_cell77794_4"
"264","RPL_30k_cell105208_4"
"265","RPL_30k_cell128055_4"
"266","RPL_30k_cell136554_4"
"267","RPL_30k_cell137760_4"
"268","RPL_30k_cell147750_4"
"269","RPL_30k_cell167986_4"
"270","RPL_30k_cell168166_4"
"271","RPL_30k_cell175681_4"
"272","RPL_30k_cell176229_4"
"273","RPL_30k_cell176352_4"
"274","RPL_30k_cell186776_4"
"275","RPL_30k_cell199464_4"
"276","RPL_30k_cell207114_4"
"277","RPL_30k_cell209687_4"
"278","RPL_30k_cell228642_4"
"279","RPL_30k_cell251705_4"
"280","RPL_30k_cell253566_4"
"281","RPL_30k_cell254233_4"
"282","RPL_30k_cell256283_4"
"283","RPL_30k_cell264500_4"
"284","RPL_30k_cell289357_4"
"285","RPL_30k_cell305915_4"
"286","RPL_30k_cell308490_4"
"287","RPL_30k_cell316242_4"
"288","RPL_30k_cell317725_4"
"289","RPL_30k_cell345307_4"
"290","RPL_30k_cell355124_4"
"291","RPL_30k_cell355972_4"
"292","RPL_30k_cell369443_4"
"293","RPL_30k_cell374869_4"
"294","RPL_30k_cell378124_4"
"295","RPL_30k_cell394446_4"
"296","RPL_30k_cell397459_4"
"297","RPL_30k_cell402342_4"
"298","RPL_30k_cell406016_4"
"299","RPL_30k_cell409987_4"
"300","RPL_30k_cell422706_4"
"301","RPL_30k_cell436283_4"
"302","RPL_30k_cell438501_4"
"303","RPL_30k_cell438985_4"
"304","RPL_30k_cell439091_4"
"305","RPL_30k_cell443858_4"
"306","RPL_30k_cell463010_4"
"307","RPL_30k_cell493315_4"
"308","RPL_30k_cell508395_4"
"309","RPL_30k_cell538851_4"
"310","RPL_30k_cell541894_4"
"311","RPL_30k_cell546055_4"
"312","RPL_30k_cell554209_4"
"313","RPL_30k_cell568055_4"
"314","RPL_30k_cell584078_4"
"315","RPL_30k_cell588019_4"
"316","RPL_30k_cell596354_4"
"317","RPL_30k_cell604967_4"
"318","RPL_30k_cell608561_4"
"319","RPL_30k_cell622214_4"
"320","RPL_30k_cell641782_4"
"321","RPL_30k_cell642913_4"
"322","RPL_30k_cell668235_4"
"323","RPL_30k_cell671707_4"
"324","RPL_30k_cell687708_4"
"325","RPL_30k_cell703579_4"
"326","RPL_30k_cell721807_4"
"327","RPL_30k_cell724706_4"
"328","RPL_30k_cell732360_4"
"329","RUL_neg_cell6331_4"
"330","RUL_neg_cell90426_4"
"331","RUL_neg_cell136139_4"
"332","RUL_neg_cell231601_4"
"333","RUL_neg_cell298910_4"
"334","RUL_neg_cell364305_4"
"335","RUL_neg_cell383293_4"
"336","RUL_neg_cell399656_4"
"337","RUL_neg_cell460779_4"
"338","RUL_neg_cell540150_4"
"339","RUL_neg_cell629446_4"
"340","RUL_neg_cell701706_4"
"341","RUL_10k_cell337456_4"
"342","RUL_30k_cell306546_4"
"343","LPL_neg_cell6424_4"
"344","LPL_neg_cell6708_4"
"345","LPL_neg_cell9880_4"
"346","LPL_neg_cell11552_4"
"347","LPL_neg_cell26354_4"
"348","LPL_neg_cell33315_4"
"349","LPL_neg_cell36433_4"
"350","LPL_neg_cell38662_4"
"351","LPL_neg_cell40416_4"
"352","LPL_neg_cell41190_4"
"353","LPL_neg_cell41393_4"
"354","LPL_neg_cell81755_4"
"355","LPL_neg_cell83423_4"
"356","LPL_neg_cell84568_4"
"357","LPL_neg_cell84598_4"
"358","LPL_neg_cell91819_4"
"359","LPL_neg_cell94443_4"
"360","LPL_neg_cell97344_4"
"361","LPL_neg_cell108108_4"
"362","LPL_neg_cell108736_4"
"363","LPL_neg_cell110879_4"
"364","LPL_neg_cell111690_4"
"365","LPL_neg_cell115971_4"
"366","LPL_neg_cell117544_4"
"367","LPL_neg_cell121260_4"
"368","LPL_neg_cell126327_4"
"369","LPL_neg_cell132100_4"
"370","LPL_neg_cell135149_4"
"371","LPL_neg_cell136139_4"
"372","LPL_neg_cell140107_4"
"373","LPL_neg_cell150663_4"
"374","LPL_neg_cell163345_4"
"375","LPL_neg_cell164131_4"
"376","LPL_neg_cell167959_4"
"377","LPL_neg_cell173688_4"
"378","LPL_neg_cell181226_4"
"379","LPL_neg_cell183877_4"
"380","LPL_neg_cell201109_4"
"381","LPL_neg_cell205566_4"
"382","LPL_neg_cell212890_4"
"383","LPL_neg_cell224172_4"
"384","LPL_neg_cell224610_4"
"385","LPL_neg_cell225421_4"
"386","LPL_neg_cell231601_4"
"387","LPL_neg_cell233464_4"
"388","LPL_neg_cell236793_4"
"389","LPL_neg_cell240058_4"
"390","LPL_neg_cell242808_4"
"391","LPL_neg_cell243657_4"
"392","LPL_neg_cell245349_4"
"393","LPL_neg_cell246976_4"
"394","LPL_neg_cell248657_4"
"395","LPL_neg_cell250648_4"
"396","LPL_neg_cell262547_4"
"397","LPL_neg_cell271525_4"
"398","LPL_neg_cell276524_4"
"399","LPL_neg_cell277813_4"
"400","LPL_neg_cell287739_4"
"401","LPL_neg_cell290183_4"
"402","LPL_neg_cell294064_4"
"403","LPL_neg_cell303598_4"
"404","LPL_neg_cell303632_4"
"405","LPL_neg_cell311999_4"
"406","LPL_neg_cell315276_4"
"407","LPL_neg_cell315681_4"
"408","LPL_neg_cell317401_4"
"409","LPL_neg_cell319049_4"
"410","LPL_neg_cell338446_4"
"411","LPL_neg_cell339023_4"
"412","LPL_neg_cell339915_4"
"413","LPL_neg_cell342327_4"
"414","LPL_neg_cell343806_4"
"415","LPL_neg_cell344505_4"
"416","LPL_neg_cell356039_4"
"417","LPL_neg_cell357135_4"
"418","LPL_neg_cell358211_4"
"419","LPL_neg_cell362733_4"
"420","LPL_neg_cell363016_4"
"421","LPL_neg_cell364305_4"
"422","LPL_neg_cell372571_4"
"423","LPL_neg_cell375451_4"
"424","LPL_neg_cell388969_4"
"425","LPL_neg_cell390476_4"
"426","LPL_neg_cell393906_4"
"427","LPL_neg_cell402155_4"
"428","LPL_neg_cell402450_4"
"429","LPL_neg_cell416461_4"
"430","LPL_neg_cell419793_4"
"431","LPL_neg_cell423494_4"
"432","LPL_neg_cell427752_4"
"433","LPL_neg_cell429075_4"
"434","LPL_neg_cell442554_4"
"435","LPL_neg_cell443991_4"
"436","LPL_neg_cell449846_4"
"437","LPL_neg_cell456966_4"
"438","LPL_neg_cell459649_4"
"439","LPL_neg_cell463331_4"
"440","LPL_neg_cell465772_4"
"441","LPL_neg_cell468022_4"
"442","LPL_neg_cell470475_4"
"443","LPL_neg_cell489954_4"
"444","LPL_neg_cell498285_4"
"445","LPL_neg_cell507795_4"
"446","LPL_neg_cell515011_4"
"447","LPL_neg_cell527393_4"
"448","LPL_neg_cell531061_4"
"449","LPL_neg_cell535705_4"
"450","LPL_neg_cell535761_4"
"451","LPL_neg_cell535829_4"
"452","LPL_neg_cell536230_4"
"453","LPL_neg_cell540150_4"
"454","LPL_neg_cell540246_4"
"455","LPL_neg_cell542182_4"
"456","LPL_neg_cell550084_4"
"457","LPL_neg_cell557431_4"
"458","LPL_neg_cell561781_4"
"459","LPL_neg_cell583887_4"
"460","LPL_neg_cell602522_4"
"461","LPL_neg_cell602703_4"
"462","LPL_neg_cell612650_4"
"463","LPL_neg_cell613306_4"
"464","LPL_neg_cell614989_4"
"465","LPL_neg_cell622720_4"
"466","LPL_neg_cell629303_4"
"467","LPL_neg_cell643893_4"
"468","LPL_neg_cell656330_4"
"469","LPL_neg_cell664403_4"
"470","LPL_neg_cell692463_4"
"471","LPL_neg_cell702791_4"
"472","LPL_neg_cell706417_4"
"473","LPL_neg_cell713928_4"
"474","LPL_neg_cell716632_4"
"475","LPL_neg_cell721929_4"
"476","LPL_neg_cell735228_4"
"477","LPL_neg_cell735332_4"
"478","LPL_cell42019_4"
"479","LPL_cell249488_4"
"480","LPL_cell257067_4"
"481","LPL_cell370761_4"
"482","LPL_cell459745_4"
"483","LPL_cell474612_4"
"484","LPL_cell479362_4"
"485","LPL_cell560574_4"
"486","LPL_cell574067_4"
"487","LPL_cell577693_4"
"488","LPL_cell614002_4"
"489","LPL_cell701944_4"
"490","LPL_cell725734_4"
"491","LPL_cell728678_4"
"492","LUL_neg_cell41190_4"
"493","LUL_neg_cell108108_4"
"494","LUL_neg_cell136139_4"
"495","LUL_neg_cell231601_4"
"496","LUL_neg_cell364305_4"
"497","LUL_neg_cell540150_4"
"498","RPL_2negT_cell65927_7"
"499","RPL_2negT_cell131757_7"
"500","RPL_2negT_cell160872_7"
"501","RPL_2negT_cell210507_7"
"502","RPL_2negT_cell264239_7"
"503","RPL_2negT_cell279073_7"
"504","RPL_2negT_cell408482_7"
"505","RPL_2negT_cell422623_7"
"506","RPL_2negT_cell422889_7"
"507","RPL_2negT_cell494628_7"
"508","RPL_2negT_cell496212_7"
"509","RPL_2negT_cell537362_7"
"510","RPL_2negT_cell594899_7"
"511","RPL_2negT_cell623198_7"
"512","RPL_2negT_cell650321_7"
"513","RPL_2negT_cell675990_7"
"514","RPL_2negT_cell781870_7"
"515","RPL_2negT_cell885966_7"
"516","RPL_2negT_cell950145_7"
"517","RPL_2negT_cell987308_7"
"518","RPL_2negT_cell987997_7"
"519","RPL_2negT_cell1031431_7"
"520","RPL_2negT_cell1202825_7"
"521","RPL_2negT_cell1337181_7"
"522","RPL_2negT_cell1407589_7"
"523","RPL_2negT_cell1433612_7"
"524","RPL_2negT_cell1445806_7"
"525","RPL_2negT_cell1466048_7"
"526","RPL_2negT_cell1467372_7"
"527","RPL_2negT_cell1579885_7"
"528","RPL_2negT_cell1602857_7"
"529","RPL_2negT_cell1671622_7"
"530","RPL_2negT_cell1698497_7"
"531","RPL_2negT_cell1707048_7"
"532","RPL_2negT_cell1745827_7"
"533","RPL_2negT_cell1762455_7"
"534","RPL_2negT_cell1791956_7"
"535","RPL_2negT_cell1811266_7"
"536","RPL_2negT_cell1846898_7"
"537","RPL_2negT_cell1874549_7"
"538","RPL_2negT_cell1914374_7"
"539","RPL_2negT_cell2116197_7"
"540","RPL_2negT_cell2122972_7"
"541","RPL_2negT_cell2186895_7"
"542","RPL_2negT_cell2189898_7"
"543","RPL_2negT_cell2198434_7"
"544","RPL_2negT_cell2269075_7"
"545","RPL_2negT_cell2287806_7"
"546","RPL_2negT_cell2296146_7"
"547","RPL_2negT_cell2408261_7"
"548","RPL_2negT_cell2444121_7"
"549","RPL_2negT_cell2543148_7"
"550","RPL_2negT_cell2718526_7"
"551","RPL_2negT_cell2897096_7"
"552","RPL_2negT_cell2977694_7"
"553","RPL_2negT_cell3066209_7"
"554","RPL_2negT_cell3068668_7"
"555","RPL_2negT_cell3092558_7"
"556","RPL_2negT_cell3185264_7"
"557","RPL_2negT_cell3244511_7"
"558","RPL_2negT_cell3303203_7"
"559","RPL_2negT_cell3395700_7"
"560","RPL_2negT_cell3421635_7"
"561","RPL_2negT_cell3429627_7"
"562","RPL_2negT_cell3431733_7"
"563","RPL_2negT_cell3472403_7"
"564","RPL_2negT_cell3510933_7"
"565","RPL_2negT_cell3528405_7"
"566","RPL_2negT_cell3582079_7"
"567","RPL_2negT_cell3626335_7"
"568","RPL_2negT_cell3636880_7"
"569","RPL_2negT_cell3648646_7"
"570","RPL_2negT_cell3662727_7"
"571","RPL_2negT_cell3707005_7"
"572","RPL_2negT_cell3767046_7"
"573","RPL_2negT_cell3798571_7"
"574","RPL_2negT_cell3801291_7"
"575","RPL_2negT_cell3843047_7"
"576","RPL_2negT_cell3867629_7"
"577","RPL_2negT_cell3941571_7"
"578","RPL_2negT_cell3961798_7"
"579","RPL_2negT_cell4058999_7"
"580","RPL_2negT_cell4145337_7"
"581","RPL_2negT_cell4154312_7"
"582","RPL_2negT_cell4170014_7"
"583","RPL_2negT_cell4214335_7"
"584","RPL_2negT_cell4282486_7"
"585","RPL_2negT_cell4335862_7"
"586","RPL_2negT_cell4377666_7"
"587","RPL_2negT_cell4411308_7"
"588","RPL_2negT_cell4417715_7"
"589","RPL_2negT_cell4422809_7"
"590","RPL_2negT_cell4615319_7"
"591","RPL_2negT_cell4730637_7"
"592","RPL_2negT_cell4778745_7"
"593","RPL_2negT_cell4809243_7"
"594","RPL_2negT_cell4825428_7"
"595","RPL_2negT_cell4831678_7"
"596","RPL_2negT_cell4887199_7"
"597","RPL_2negT_cell5000413_7"
"598","RPL_2negT_cell5022677_7"
"599","RPL_2negT_cell5100924_7"
"600","RPL_2negT_cell5115665_7"
"601","RPL_2negT_cell5127676_7"
"602","RPL_2negT_cell5136180_7"
"603","RPL_2negT_cell5172359_7"
"604","RPL_2negT_cell5178870_7"
"605","RPL_2negT_cell5245774_7"
"606","RPL_2negT_cell5288729_7"
"607","RPL_2negT_cell5305408_7"
"608","RPL_2negT_cell5376380_7"
"609","RPL_2negT_cell5385643_7"
"610","RPL_2negT_cell5518825_7"
"611","RPL_2negT_cell5579015_7"
"612","RPL_2negT_cell5582092_7"
"613","RPL_2negT_cell5604993_7"
"614","RPL_2negT_cell5677637_7"
"615","RPL_2negT_cell5691687_7"
"616","RPL_2negT_cell5731761_7"
"617","RPL_2negT_cell5764116_7"
"618","RPL_2negT_cell5769271_7"
"619","RPL_2negT_cell5770746_7"
"620","RPL_2negT_cell5930601_7"
"621","RPL_2negT_cell5955932_7"
"622","RPL_2negT_cell5989437_7"
"623","RPL_2negT_cell6047280_7"
"624","RPL_2negT_cell6076346_7"
"625","RPL_2negT_cell6105017_7"
"626","RPL_2negT_cell6194421_7"
"627","RPL_2negT_cell6318737_7"
"628","RPL_2negT_cell6384545_7"
"629","RPL_2negT_cell6475065_7"
"630","RPL_2negT_cell6494631_7"
"631","RPL_2negT_cell6528924_7"
"632","RPL_2negT_cell6584248_7"
"633","RPL_2negT_cell6674761_7"
"634","RPL_2negT_cell6772739_7"
"635","RPL_3negT_cell43800_7"
"636","RPL_3negT_cell68008_7"
"637","RPL_3negT_cell84221_7"
"638","RPL_3negT_cell111787_7"
"639","RPL_3negT_cell125271_7"
"640","RPL_3negT_cell142487_7"
"641","RPL_3negT_cell146796_7"
"642","RPL_3negT_cell148776_7"
"643","RPL_3negT_cell152988_7"
"644","RPL_3negT_cell155269_7"
"645","RPL_3negT_cell172690_7"
"646","RPL_3negT_cell176123_7"
"647","RPL_3negT_cell176921_7"
"648","RPL_3negT_cell186607_7"
"649","RPL_3negT_cell191337_7"
"650","RPL_3negT_cell197391_7"
"651","RPL_3negT_cell201541_7"
"652","RPL_3negT_cell230909_7"
"653","RPL_3negT_cell230912_7"
"654","RPL_3negT_cell231720_7"
"655","RPL_3negT_cell235476_7"
"656","RPL_3negT_cell235991_7"
"657","RPL_3negT_cell244322_7"
"658","RPL_3negT_cell245410_7"
"659","RPL_3negT_cell245993_7"
"660","RPL_3negT_cell265615_7"
"661","RPL_3negT_cell276958_7"
"662","RPL_3negT_cell294902_7"
"663","RPL_3negT_cell332412_7"
"664","RPL_3negT_cell339338_7"
"665","RPL_3negT_cell348461_7"
"666","RPL_3negT_cell357253_7"
"667","RPL_3negT_cell369248_7"
"668","RPL_3negT_cell401859_7"
"669","RPL_3negT_cell406043_7"
"670","RPL_3negT_cell407332_7"
"671","RPL_3negT_cell428919_7"
"672","RPL_3negT_cell445859_7"
"673","RPL_3negT_cell469843_7"
"674","RPL_3negT_cell472286_7"
"675","RPL_3negT_cell485311_7"
"676","RPL_3negT_cell515220_7"
"677","RPL_3negT_cell567037_7"
"678","RPL_3negT_cell572708_7"
"679","RPL_3negT_cell581262_7"
"680","RPL_3negT_cell593255_7"
"681","RPL_3negT_cell608689_7"
"682","RPL_3negT_cell615681_7"
"683","RPL_3negT_cell616590_7"
"684","RPL_3negT_cell628192_7"
"685","RPL_3negT_cell665450_7"
"686","RPL_3negT_cell683238_7"
"687","RPL_3negT_cell694661_7"
"688","RPL_3negT_cell717711_7"
"689","RPL_3negT_cell727887_7"
"690","RPL_3negT_cell739550_7"
"691","RPL_3negT_cell751558_7"
"692","RPL_3negT_cell772483_7"
"693","RPL_3negT_cell812679_7"
"694","RPL_3negT_cell815071_7"
"695","RPL_3negT_cell816994_7"
"696","RPL_3negT_cell839539_7"
"697","RPL_3negT_cell846755_7"
"698","RPL_3negT_cell866004_7"
"699","RPL_3negT_cell882497_7"
"700","RPL_3negT_cell891133_7"
"701","RPL_3negT_cell900274_7"
"702","RPL_3negT_cell903918_7"
"703","RPL_3negT_cell909479_7"
"704","RPL_3negT_cell911154_7"
"705","RPL_3negT_cell921631_7"
"706","RPL_3negT_cell933809_7"
"707","RPL_3negT_cell961231_7"
"708","RPL_3negT_cell964841_7"
"709","RPL_3negT_cell972343_7"
"710","RPL_3negT_cell972902_7"
"711","RPL_3negT_cell998697_7"
"712","RPL_3negT_cell999954_7"
"713","RPL_3negT_cell1004701_7"
"714","RPL_3negT_cell1015101_7"
"715","RPL_3negT_cell1031702_7"
"716","RPL_3negT_cell1044212_7"
"717","RPL_3negT_cell1046810_7"
"718","RPL_3negT_cell1050727_7"
"719","RPL_3negT_cell1054956_7"
"720","RPL_3negT_cell1072455_7"
"721","RPL_3negT_cell1101271_7"
"722","RPL_3negT_cell1111371_7"
"723","RPL_3negT_cell1129498_7"
"724","RPL_3negT_cell1132572_7"
"725","RPL_3negT_cell1178812_7"
"726","RPL_3negT_cell1189379_7"
"727","RPL_3negT_cell1200858_7"
"728","RPL_3negT_cell1211087_7"
"729","RPL_3negT_cell1215641_7"
"730","RPL_3negT_cell1237268_7"
"731","RPL_3negT_cell1247395_7"
"732","RPL_3negT_cell1254373_7"
"733","RPL_3negT_cell1264840_7"
"734","RPL_3negT_cell1266079_7"
"735","RPL_3negT_cell1285443_7"
"736","RPL_3negT_cell1298963_7"
"737","RPL_3negT_cell1314042_7"
"738","RPL_3negT_cell1326664_7"
"739","RPL_3negT_cell1356430_7"
"740","RPL_3negT_cell1357141_7"
"741","RPL_3negT_cell1364809_7"
"742","RPL_3negT_cell1366659_7"
"743","RPL_3negT_cell1403156_7"
"744","RPL_3negT_cell1413629_7"
"745","RPL_3negT_cell1414831_7"
"746","RPL_3negT_cell1417389_7"
"747","RPL_3negT_cell1422240_7"
"748","RPL_3negT_cell1435755_7"
"749","RPL_3negT_cell1444931_7"
"750","RPL_3negT_cell1445154_7"
"751","RPL_3negT_cell1446470_7"
"752","RPL_3negT_cell1446870_7"
"753","RPL_3negT_cell1466414_7"
"754","RPL_3negT_cell1491832_7"
"755","RPL_3negT_cell1498374_7"
"756","RPL_3negT_cell1524235_7"
"757","RPL_3negT_cell1525215_7"
"758","RPL_3negT_cell1527364_7"
"759","RPL_3negT_cell1561550_7"
"760","RPL_3negT_cell1590699_7"
"761","RPL_3negT_cell1592681_7"
"762","RPL_3negT_cell1594973_7"
"763","RPL_3negT_cell1632108_7"
"764","RPL_3negT_cell1671394_7"
"765","RPL_3negT_cell1680211_7"
"766","RPL_3negT_cell1694954_7"
"767","RPL_3negT_cell1712855_7"
"768","RPL_3negT_cell1724185_7"
"769","RPL_3negT_cell1733311_7"
"770","RPL_3negT_cell1757668_7"
"771","RPL_3negT_cell1758640_7"
"772","RPL_3negT_cell1800685_7"
"773","RPL_3negT_cell1810614_7"
"774","RPL_3negT_cell1821176_7"
"775","RPL_3negT_cell1831318_7"
"776","RPL_3negT_cell1831863_7"
"777","RPL_3negT_cell1847928_7"
"778","RPL_3negT_cell1853310_7"
"779","RPL_3negT_cell1856812_7"
"780","RPL_3negT_cell1889074_7"
"781","RPL_3negT_cell1911737_7"
"782","RPL_3negT_cell1923976_7"
"783","RPL_3negT_cell1924905_7"
"784","RPL_3negT_cell1928084_7"
"785","RPL_3negT_cell1951915_7"
"786","RPL_3negT_cell1960643_7"
"787","RPL_3negT_cell2025166_7"
"788","RPL_3negT_cell2040906_7"
"789","RPL_3negT_cell2046742_7"
"790","RPL_3negT_cell2066000_7"
"791","RPL_3negT_cell2089425_7"
"792","RPL_3negT_cell2100742_7"
"793","RPL_3negT_cell2106173_7"
"794","RPL_3negT_cell2107739_7"
"795","RPL_3negT_cell2123857_7"
"796","RPL_3negT_cell2137758_7"
"797","RPL_3negT_cell2163564_7"
"798","RPL_3negT_cell2192420_7"
"799","RPL_3negT_cell2203493_7"
"800","RPL_3negT_cell2213453_7"
"801","RPL_3negT_cell2235915_7"
"802","RPL_3negT_cell2238220_7"
"803","RPL_3negT_cell2243971_7"
"804","RPL_3negT_cell2258184_7"
"805","RPL_3negT_cell2260847_7"
"806","RPL_3negT_cell2276695_7"
"807","RPL_3negT_cell2288140_7"
"808","RPL_3negT_cell2293804_7"
"809","RPL_3negT_cell2298490_7"
"810","RPL_3negT_cell2304851_7"
"811","RPL_3negT_cell2310909_7"
"812","RPL_3negT_cell2325050_7"
"813","RPL_3negT_cell2328837_7"
"814","RPL_3negT_cell2367277_7"
"815","RPL_3negT_cell2403313_7"
"816","RPL_3negT_cell2433427_7"
"817","RPL_3negT_cell2440373_7"
"818","RPL_3negT_cell2479748_7"
"819","RPL_3negT_cell2481961_7"
"820","RPL_3negT_cell2488731_7"
"821","RPL_3negT_cell2538565_7"
"822","RPL_3negT_cell2539790_7"
"823","RPL_3negT_cell2552945_7"
"824","RPL_3negT_cell2558099_7"
"825","RPL_3negT_cell2608395_7"
"826","RPL_3negT_cell2614589_7"
"827","RPL_3negT_cell2621070_7"
"828","RPL_3negT_cell2650193_7"
"829","RPL_3negT_cell2657034_7"
"830","RPL_3negT_cell2662094_7"
"831","RPL_3negT_cell2669743_7"
"832","RPL_3negT_cell2671271_7"
"833","RPL_3negT_cell2699558_7"
"834","RPL_3negT_cell2741320_7"
"835","RPL_3negT_cell2761477_7"
"836","RPL_3negT_cell2833197_7"
"837","RPL_3negT_cell2854781_7"
"838","RPL_3negT_cell2862016_7"
"839","RPL_3negT_cell2862514_7"
"840","RPL_3negT_cell2904510_7"
"841","RPL_3negT_cell2905749_7"
"842","RPL_3negT_cell2913797_7"
"843","RPL_3negT_cell2933714_7"
"844","RPL_3negT_cell2950090_7"
"845","RPL_3negT_cell2956727_7"
"846","RPL_3negT_cell2986742_7"
"847","RPL_3negT_cell2990661_7"
"848","RPL_3negT_cell2991945_7"
"849","RPL_3negT_cell3019834_7"
"850","RPL_3negT_cell3023545_7"
"851","RPL_3negT_cell3039218_7"
"852","RPL_3negT_cell3044428_7"
"853","RPL_3negT_cell3053679_7"
"854","RPL_3negT_cell3060834_7"
"855","RPL_3negT_cell3072504_7"
"856","RPL_3negT_cell3097437_7"
"857","RPL_3negT_cell3100346_7"
"858","RPL_3negT_cell3114051_7"
"859","RPL_3negT_cell3117205_7"
"860","RPL_3negT_cell3121770_7"
"861","RPL_3negT_cell3140646_7"
"862","RPL_3negT_cell3153270_7"
"863","RPL_3negT_cell3166960_7"
"864","RPL_3negT_cell3173917_7"
"865","RPL_3negT_cell3197145_7"
"866","RPL_3negT_cell3250477_7"
"867","RPL_3negT_cell3256810_7"
"868","RPL_3negT_cell3259416_7"
"869","RPL_3negT_cell3292084_7"
"870","RPL_3negT_cell3310966_7"
"871","RPL_3negT_cell3341464_7"
"872","RPL_3negT_cell3342463_7"
"873","RPL_3negT_cell3383394_7"
"874","RPL_3negT_cell3388433_7"
"875","RPL_3negT_cell3447695_7"
"876","RPL_3negT_cell3462112_7"
"877","RPL_3negT_cell3464325_7"
"878","RPL_3negT_cell3473138_7"
"879","RPL_3negT_cell3476107_7"
"880","RPL_3negT_cell3481965_7"
"881","RPL_3negT_cell3490998_7"
"882","RPL_3negT_cell3492663_7"
"883","RPL_3negT_cell3495647_7"
"884","RPL_3negT_cell3497246_7"
"885","RPL_3negT_cell3518125_7"
"886","RPL_3negT_cell3527772_7"
"887","RPL_3negT_cell3547940_7"
"888","RPL_3negT_cell3555317_7"
"889","RPL_3negT_cell3558774_7"
"890","RPL_3negT_cell3580288_7"
"891","RPL_3negT_cell3584173_7"
"892","RPL_3negT_cell3612352_7"
"893","RPL_3negT_cell3617078_7"
"894","RPL_3negT_cell3622839_7"
"895","RPL_3negT_cell3629774_7"
"896","RPL_3negT_cell3644024_7"
"897","RPL_3negT_cell3648200_7"
"898","RPL_3negT_cell3655359_7"
"899","RPL_3negT_cell3663236_7"
"900","RPL_3negT_cell3668234_7"
"901","RPL_3negT_cell3677639_7"
"902","RPL_3negT_cell3697985_7"
"903","RPL_3negT_cell3707492_7"
"904","RPL_3negT_cell3720869_7"
"905","RPL_3negT_cell3734577_7"
"906","RPL_3negT_cell3742257_7"
"907","RPL_3negT_cell3748154_7"
"908","RPL_3negT_cell3754418_7"
"909","RPL_3negT_cell3769321_7"
"910","RPL_3negT_cell3784294_7"
"911","RPL_3negT_cell3789206_7"
"912","RPL_3negT_cell3808506_7"
"913","RPL_3negT_cell3909386_7"
"914","RPL_3negT_cell3923141_7"
"915","RPL_3negT_cell3947887_7"
"916","RPL_3negT_cell3976323_7"
"917","RPL_3negT_cell3980797_7"
"918","RPL_3negT_cell4002227_7"
"919","RPL_3negT_cell4008702_7"
"920","RPL_3negT_cell4009347_7"
"921","RPL_3negT_cell4028553_7"
"922","RPL_3negT_cell4031389_7"
"923","RPL_3negT_cell4036832_7"
"924","RPL_3negT_cell4065109_7"
"925","RPL_3negT_cell4071483_7"
"926","RPL_3negT_cell4093315_7"
"927","RPL_3negT_cell4097761_7"
"928","RPL_3negT_cell4120559_7"
"929","RPL_3negT_cell4158770_7"
"930","RPL_3negT_cell4181773_7"
"931","RPL_3negT_cell4189017_7"
"932","RPL_3negT_cell4193477_7"
"933","RPL_3negT_cell4201973_7"
"934","RPL_3negT_cell4204181_7"
"935","RPL_3negT_cell4221040_7"
"936","RPL_3negT_cell4235614_7"
"937","RPL_3negT_cell4237004_7"
"938","RPL_3negT_cell4266135_7"
"939","RPL_3negT_cell4270032_7"
"940","RPL_3negT_cell4321096_7"
"941","RPL_3negT_cell4358064_7"
"942","RPL_3negT_cell4381406_7"
"943","RPL_3negT_cell4399219_7"
"944","RPL_3negT_cell4423642_7"
"945","RPL_3negT_cell4440799_7"
"946","RPL_3negT_cell4457721_7"
"947","RPL_3negT_cell4465719_7"
"948","RPL_3negT_cell4504895_7"
"949","RPL_3negT_cell4510843_7"
"950","RPL_3negT_cell4521955_7"
"951","RPL_3negT_cell4542204_7"
"952","RPL_3negT_cell4557701_7"
"953","RPL_3negT_cell4567847_7"
"954","RPL_3negT_cell4594097_7"
"955","RPL_3negT_cell4602685_7"
"956","RPL_3negT_cell4611135_7"
"957","RPL_3negT_cell4666443_7"
"958","RPL_3negT_cell4685785_7"
"959","RPL_3negT_cell4704499_7"
"960","RPL_3negT_cell4740561_7"
"961","RPL_3negT_cell4742137_7"
"962","RPL_3negT_cell4745303_7"
"963","RPL_3negT_cell4790755_7"
"964","RPL_3negT_cell4807051_7"
"965","RPL_3negT_cell4858100_7"
"966","RPL_3negT_cell4874169_7"
"967","RPL_3negT_cell4883908_7"
"968","RPL_3negT_cell4950378_7"
"969","RPL_3negT_cell4962444_7"
"970","RPL_3negT_cell4963809_7"
"971","RPL_3negT_cell4976248_7"
"972","RPL_3negT_cell4982153_7"
"973","RPL_3negT_cell4992023_7"
"974","RPL_3negT_cell4995268_7"
"975","RPL_3negT_cell5003302_7"
"976","RPL_3negT_cell5007047_7"
"977","RPL_3negT_cell5015270_7"
"978","RPL_3negT_cell5022446_7"
"979","RPL_3negT_cell5027546_7"
"980","RPL_3negT_cell5043999_7"
"981","RPL_3negT_cell5049908_7"
"982","RPL_3negT_cell5059727_7"
"983","RPL_3negT_cell5072575_7"
"984","RPL_3negT_cell5077646_7"
"985","RPL_3negT_cell5092379_7"
"986","RPL_3negT_cell5093998_7"
"987","RPL_3negT_cell5105025_7"
"988","RPL_3negT_cell5105901_7"
"989","RPL_3negT_cell5113078_7"
"990","RPL_3negT_cell5119386_7"
"991","RPL_3negT_cell5150939_7"
"992","RPL_3negT_cell5156402_7"
"993","RPL_3negT_cell5160213_7"
"994","RPL_3negT_cell5161464_7"
"995","RPL_3negT_cell5174796_7"
"996","RPL_3negT_cell5180282_7"
"997","RPL_3negT_cell5197459_7"
"998","RPL_3negT_cell5218810_7"
"999","RPL_3negT_cell5254483_7"
"1000","RPL_3negT_cell5260501_7"
"1001","RPL_3negT_cell5275755_7"
"1002","RPL_3negT_cell5288669_7"
"1003","RPL_3negT_cell5292618_7"
"1004","RPL_3negT_cell5327194_7"
"1005","RPL_3negT_cell5331999_7"
"1006","RPL_3negT_cell5373365_7"
"1007","RPL_3negT_cell5390237_7"
"1008","RPL_3negT_cell5396013_7"
"1009","RPL_3negT_cell5423746_7"
"1010","RPL_3negT_cell5442834_7"
"1011","RPL_3negT_cell5445914_7"
"1012","RPL_3negT_cell5451698_7"
"1013","RPL_3negT_cell5452057_7"
"1014","RPL_3negT_cell5456077_7"
"1015","RPL_3negT_cell5456704_7"
"1016","RPL_3negT_cell5457788_7"
"1017","RPL_3negT_cell5460317_7"
"1018","RPL_3negT_cell5480675_7"
"1019","RPL_3negT_cell5488071_7"
"1020","RPL_3negT_cell5499617_7"
"1021","RPL_3negT_cell5504622_7"
"1022","RPL_3negT_cell5513231_7"
"1023","RPL_3negT_cell5531663_7"
"1024","RPL_3negT_cell5552952_7"
"1025","RPL_3negT_cell5588320_7"
"1026","RPL_3negT_cell5619710_7"
"1027","RPL_3negT_cell5623580_7"
"1028","RPL_3negT_cell5635807_7"
"1029","RPL_3negT_cell5666194_7"
"1030","RPL_3negT_cell5670507_7"
"1031","RPL_3negT_cell5678203_7"
"1032","RPL_3negT_cell5689170_7"
"1033","RPL_3negT_cell5727004_7"
"1034","RPL_3negT_cell5756454_7"
"1035","RPL_3negT_cell5760068_7"
"1036","RPL_3negT_cell5765760_7"
"1037","RPL_3negT_cell5767824_7"
"1038","RPL_3negT_cell5768125_7"
"1039","RPL_3negT_cell5808669_7"
"1040","RPL_3negT_cell5843979_7"
"1041","RPL_3negT_cell5849165_7"
"1042","RPL_3negT_cell5868363_7"
"1043","RPL_3negT_cell5876975_7"
"1044","RPL_3negT_cell5883569_7"
"1045","RPL_3negT_cell5886697_7"
"1046","RPL_3negT_cell5896423_7"
"1047","RPL_3negT_cell5900218_7"
"1048","RPL_3negT_cell5901574_7"
"1049","RPL_3negT_cell5906636_7"
"1050","RPL_3negT_cell5913226_7"
"1051","RPL_3negT_cell5933148_7"
"1052","RPL_3negT_cell5948706_7"
"1053","RPL_3negT_cell5965657_7"
"1054","RPL_3negT_cell5989791_7"
"1055","RPL_3negT_cell5993817_7"
"1056","RPL_3negT_cell5994512_7"
"1057","RPL_3negT_cell5995734_7"
"1058","RPL_3negT_cell5995924_7"
"1059","RPL_3negT_cell5997479_7"
"1060","RPL_3negT_cell6000804_7"
"1061","RPL_3negT_cell6021949_7"
"1062","RPL_3negT_cell6057430_7"
"1063","RPL_3negT_cell6074976_7"
"1064","RPL_3negT_cell6078917_7"
"1065","RPL_3negT_cell6095880_7"
"1066","RPL_3negT_cell6104483_7"
"1067","RPL_3negT_cell6151470_7"
"1068","RPL_3negT_cell6152772_7"
"1069","RPL_3negT_cell6155218_7"
"1070","RPL_3negT_cell6156359_7"
"1071","RPL_3negT_cell6158506_7"
"1072","RPL_3negT_cell6162311_7"
"1073","RPL_3negT_cell6168312_7"
"1074","RPL_3negT_cell6177395_7"
"1075","RPL_3negT_cell6184720_7"
"1076","RPL_3negT_cell6203675_7"
"1077","RPL_3negT_cell6209091_7"
"1078","RPL_3negT_cell6211443_7"
"1079","RPL_3negT_cell6219450_7"
"1080","RPL_3negT_cell6260957_7"
"1081","RPL_3negT_cell6282731_7"
"1082","RPL_3negT_cell6289973_7"
"1083","RPL_3negT_cell6294950_7"
"1084","RPL_3negT_cell6315042_7"
"1085","RPL_3negT_cell6319847_7"
"1086","RPL_3negT_cell6321849_7"
"1087","RPL_3negT_cell6327331_7"
"1088","RPL_3negT_cell6350139_7"
"1089","RPL_3negT_cell6363334_7"
"1090","RPL_3negT_cell6364246_7"
"1091","RPL_3negT_cell6369243_7"
"1092","RPL_3negT_cell6370186_7"
"1093","RPL_3negT_cell6381353_7"
"1094","RPL_3negT_cell6394358_7"
"1095","RPL_3negT_cell6395230_7"
"1096","RPL_3negT_cell6395774_7"
"1097","RPL_3negT_cell6402818_7"
"1098","RPL_3negT_cell6405091_7"
"1099","RPL_3negT_cell6462251_7"
"1100","RPL_3negT_cell6474014_7"
"1101","RPL_3negT_cell6474590_7"
"1102","RPL_3negT_cell6474756_7"
"1103","RPL_3negT_cell6496406_7"
"1104","RPL_3negT_cell6513759_7"
"1105","RPL_3negT_cell6531295_7"
"1106","RPL_3negT_cell6544460_7"
"1107","RPL_3negT_cell6551893_7"
"1108","RPL_3negT_cell6556293_7"
"1109","RPL_3negT_cell6559975_7"
"1110","RPL_3negT_cell6564601_7"
"1111","RPL_3negT_cell6594527_7"
"1112","RPL_3negT_cell6622272_7"
"1113","RPL_3negT_cell6627708_7"
"1114","RPL_3negT_cell6637796_7"
"1115","RPL_3negT_cell6638246_7"
"1116","RPL_3negT_cell6644745_7"
"1117","RPL_3negT_cell6689362_7"
"1118","RPL_3negT_cell6751272_7"
"1119","RPL_3negT_cell6755825_7"
"1120","RPL_3negT_cell6756390_7"
"1121","RPL_3negT_cell6779256_7"
"1122","RPL_3negT_cell6794865_7"
"1123","RPL_cell3664186_7"
"1124","RPL_cell6354686_7"
